{"cameraMode":{"drawMode":0,"name":"Shaded","section":"Shading Mode"},"sceneLighting":false,"audioPlay":false,"sceneViewState":{"m_AlwaysRefresh":false,"showFog":true,"showSkybox":false,"showFlares":true,"showImageEffects":true,"showParticleSystems":true,"showVisualEffectGraphs":true,"m_FxEnabled":true},"in2DMode":false,"pivot":{"x":24.592836380004884,"y":2.957784414291382,"z":56.58037185668945},"rotation":{"x":0.022960375994443895,"y":0.9737504720687866,"z":-0.15862788259983064,"w":0.16592946648597718},"size":1.7090390920639039,"orthographic":false}