{"cameraMode":{"drawMode":0,"name":"Shaded","section":"Shading Mode"},"sceneLighting":false,"audioPlay":false,"sceneViewState":{"m_AlwaysRefresh":false,"showFog":true,"showSkybox":false,"showFlares":true,"showImageEffects":true,"showParticleSystems":true,"showVisualEffectGraphs":true,"m_FxEnabled":true},"in2DMode":false,"pivot":{"x":26.45975685119629,"y":1.2640538215637208,"z":47.82820510864258},"rotation":{"x":-0.057969335466623309,"y":0.9193776249885559,"z":-0.13505233824253083,"w":-0.36748266220092776},"size":1.2360031604766846,"orthographic":false}